﻿<?xml version="1.0" encoding="utf-8"?><displaySettings><pathInfoArray><DisplayConfigPathInfo xmlns:xsi="http://www.w3.org/2001/XMLSchema-instance" xmlns:xsd="http://www.w3.org/2001/XMLSchema"><sourceInfo><adapterId><LowPart>37049</LowPart><HighPart>0</HighPart></adapterId><id>0</id><modeInfoIdx>1</modeInfoIdx><statusFlags>InUse</statusFlags></sourceInfo><targetInfo><adapterId><LowPart>37049</LowPart><HighPart>0</HighPart></adapterId><id>265988</id><modeInfoIdx>0</modeInfoIdx><outputTechnology>Internal</outputTechnology><rotation>Identity</rotation><scaling>Identity</scaling><refreshRate><numerator>148500000</numerator><denominator>2475000</denominator></refreshRate><scanLineOrdering>Progressive</scanLineOrdering><targetAvailable>true</targetAvailable><statusFlags>InUse</statusFlags></targetInfo><flags>1</flags></DisplayConfigPathInfo><DisplayConfigPathInfo xmlns:xsi="http://www.w3.org/2001/XMLSchema-instance" xmlns:xsd="http://www.w3.org/2001/XMLSchema"><sourceInfo><adapterId><LowPart>37049</LowPart><HighPart>0</HighPart></adapterId><id>1</id><modeInfoIdx>3</modeInfoIdx><statusFlags>InUse</statusFlags></sourceInfo><targetInfo><adapterId><LowPart>37049</LowPart><HighPart>0</HighPart></adapterId><id>198147</id><modeInfoIdx>2</modeInfoIdx><outputTechnology>Hdmi</outputTechnology><rotation>Identity</rotation><scaling>Identity</scaling><refreshRate><numerator>148351648</numerator><denominator>2475000</denominator></refreshRate><scanLineOrdering>Progressive</scanLineOrdering><targetAvailable>true</targetAvailable><statusFlags>InUse</statusFlags></targetInfo><flags>1</flags></DisplayConfigPathInfo></pathInfoArray><modeInfoArray><modeInfo><id>265988</id><LUID xmlns:xsi="http://www.w3.org/2001/XMLSchema-instance" xmlns:xsd="http://www.w3.org/2001/XMLSchema"><LowPart>37049</LowPart><HighPart>0</HighPart></LUID><DisplayConfigModeInfoType>Target</DisplayConfigModeInfoType><DisplayConfigTargetMode xmlns:xsi="http://www.w3.org/2001/XMLSchema-instance" xmlns:xsd="http://www.w3.org/2001/XMLSchema"><targetVideoSignalInfo><pixelRate>148500000</pixelRate><hSyncFreq><numerator>67500</numerator><denominator>1</denominator></hSyncFreq><vSyncFreq><numerator>148500000</numerator><denominator>2475000</denominator></vSyncFreq><activeSize><cx>1920</cx><cy>1080</cy></activeSize><totalSize><cx>2200</cx><cy>1125</cy></totalSize><videoStandard>Other</videoStandard><ScanLineOrdering>Progressive</ScanLineOrdering></targetVideoSignalInfo></DisplayConfigTargetMode></modeInfo><modeInfo><id>0</id><LUID xmlns:xsi="http://www.w3.org/2001/XMLSchema-instance" xmlns:xsd="http://www.w3.org/2001/XMLSchema"><LowPart>37049</LowPart><HighPart>0</HighPart></LUID><DisplayConfigModeInfoType>Source</DisplayConfigModeInfoType><DisplayConfigSourceMode xmlns:xsi="http://www.w3.org/2001/XMLSchema-instance" xmlns:xsd="http://www.w3.org/2001/XMLSchema"><width>1368</width><height>768</height><pixelFormat>Pixelformat32Bpp</pixelFormat><position><x>0</x><y>0</y></position></DisplayConfigSourceMode></modeInfo><modeInfo><id>198147</id><LUID xmlns:xsi="http://www.w3.org/2001/XMLSchema-instance" xmlns:xsd="http://www.w3.org/2001/XMLSchema"><LowPart>37049</LowPart><HighPart>0</HighPart></LUID><DisplayConfigModeInfoType>Target</DisplayConfigModeInfoType><DisplayConfigTargetMode xmlns:xsi="http://www.w3.org/2001/XMLSchema-instance" xmlns:xsd="http://www.w3.org/2001/XMLSchema"><targetVideoSignalInfo><pixelRate>148351648</pixelRate><hSyncFreq><numerator>67500</numerator><denominator>1</denominator></hSyncFreq><vSyncFreq><numerator>148351648</numerator><denominator>2475000</denominator></vSyncFreq><activeSize><cx>1920</cx><cy>1080</cy></activeSize><totalSize><cx>2200</cx><cy>1125</cy></totalSize><videoStandard>Other</videoStandard><ScanLineOrdering>Progressive</ScanLineOrdering></targetVideoSignalInfo></DisplayConfigTargetMode></modeInfo><modeInfo><id>1</id><LUID xmlns:xsi="http://www.w3.org/2001/XMLSchema-instance" xmlns:xsd="http://www.w3.org/2001/XMLSchema"><LowPart>37049</LowPart><HighPart>0</HighPart></LUID><DisplayConfigModeInfoType>Source</DisplayConfigModeInfoType><DisplayConfigSourceMode xmlns:xsi="http://www.w3.org/2001/XMLSchema-instance" xmlns:xsd="http://www.w3.org/2001/XMLSchema"><width>1280</width><height>720</height><pixelFormat>Pixelformat32Bpp</pixelFormat><position><x>1368</x><y>0</y></position></DisplayConfigSourceMode></modeInfo></modeInfoArray></displaySettings>